<?xml version="1.0" encoding="UTF-8"?>
<DEFECTS>
  <DEFECT>
    <SFA>
      <FILEPATH>C:\Users\123\Documents\GitHub\2D\2D\FAN\</FILEPATH>
      <FILENAME>Shader.h</FILENAME>
      <LINE>15</LINE>
      <COLUMN>4</COLUMN>
    </SFA>
    <DEFECTCODE>26495</DEFECTCODE>
    <DESCRIPTION>Variable 'Shader::ID' is uninitialized. Always initialize a member variable (type.6).</DESCRIPTION>
    <FUNCTION>Shader::{ctor}</FUNCTION>
    <DECORATED>??0Shader@@QEAA@XZ</DECORATED>
    <FUNCLINE>15</FUNCLINE>
    <ADDITIONALINFO>
      <targetSymbol>Shader::ID</targetSymbol>
    </ADDITIONALINFO>
    <PATH></PATH>
  </DEFECT>
</DEFECTS>