﻿<?xml version="1.0" encoding="utf-8"?><DEFECTS><DEFECT>
    <SFA>
      <FILEPATH>C:\Users\123\Documents\GitHub\2D\2D\FAN\</FILEPATH>
      <FILENAME>Shader.h</FILENAME>
      <LINE>15</LINE>
      <COLUMN>4</COLUMN>
    </SFA>
    <DEFECTCODE>26495</DEFECTCODE>
    <DESCRIPTION>Variable 'Shader::ID' is uninitialized. Always initialize a member variable (type.6).</DESCRIPTION>
    <FUNCTION>Shader::{ctor}</FUNCTION>
    <DECORATED>??0Shader@@QEAA@XZ</DECORATED>
    <FUNCLINE>15</FUNCLINE>
    <ADDITIONALINFO>
      <targetSymbol>Shader::ID</targetSymbol>
    </ADDITIONALINFO>
    <PATH></PATH>
  </DEFECT><DEFECT>
    <SFA>
      <FILEPATH>C:\Users\123\Documents\GitHub\2D\2D\FAN\</FILEPATH>
      <FILENAME>Bmp.cpp</FILENAME>
      <LINE>28</LINE>
      <COLUMN>15</COLUMN>
    </SFA>
    <DEFECTCODE>6011</DEFECTCODE>
    <DESCRIPTION>Dereferencing NULL pointer 'data+WIDTH'. See line 27 for an earlier location where this can occur</DESCRIPTION>
    <FUNCTION>LoadBMP</FUNCTION>
    <DECORATED>?LoadBMP@@YAPEADPEBDAEAUTexture@@@Z</DECORATED>
    <FUNCLINE>12</FUNCLINE>
    <PROBABILITY>1</PROBABILITY>
    <RANK>4</RANK>
    <CATEGORY>
      <RULECATEGORY>mspft</RULECATEGORY>
    </CATEGORY>
    <PATH>
      <SFA>
        <FILEPATH>C:\Users\123\Documents\GitHub\2D\2D\FAN\</FILEPATH>
        <FILENAME>Bmp.cpp</FILENAME>
        <LINE>13</LINE>
        <COLUMN>5</COLUMN>
      </SFA>
      <SFA>
        <FILEPATH>C:\Users\123\Documents\GitHub\2D\2D\FAN\</FILEPATH>
        <FILENAME>Bmp.cpp</FILENAME>
        <LINE>14</LINE>
        <COLUMN>5</COLUMN>
      </SFA>
      <SFA>
        <FILEPATH>C:\Users\123\Documents\GitHub\2D\2D\FAN\</FILEPATH>
        <FILENAME>Bmp.cpp</FILENAME>
        <LINE>18</LINE>
        <COLUMN>6</COLUMN>
      </SFA>
      <SFA>
        <FILEPATH>C:\Users\123\Documents\GitHub\2D\2D\FAN\</FILEPATH>
        <FILENAME>Bmp.cpp</FILENAME>
        <LINE>19</LINE>
        <COLUMN>13</COLUMN>
      </SFA>
      <SFA>
        <FILEPATH>C:\Users\123\Documents\GitHub\2D\2D\FAN\</FILEPATH>
        <FILENAME>Bmp.cpp</FILENAME>
        <LINE>20</LINE>
        <COLUMN>6</COLUMN>
      </SFA>
      <SFA>
        <FILEPATH>C:\Users\123\Documents\GitHub\2D\2D\FAN\</FILEPATH>
        <FILENAME>Bmp.cpp</FILENAME>
        <LINE>21</LINE>
        <COLUMN>5</COLUMN>
        <KEYEVENT>
          <ID>1</ID>
          <KIND>declaration</KIND>
          <IMPORTANCE>Essential</IMPORTANCE>
          <MESSAGE>'data' may be NULL</MESSAGE>
        </KEYEVENT>
      </SFA>
      <SFA>
        <FILEPATH>C:\Users\123\Documents\GitHub\2D\2D\FAN\</FILEPATH>
        <FILENAME>Bmp.cpp</FILENAME>
        <LINE>22</LINE>
        <COLUMN>5</COLUMN>
        <KEYEVENT>
          <ID>2</ID>
          <KIND>branch</KIND>
          <IMPORTANCE>Full</IMPORTANCE>
          <MESSAGE>Skip this branch, (assume 'data' is false)</MESSAGE>
        </KEYEVENT>
      </SFA>
      <SFA>
        <FILEPATH>C:\Users\123\Documents\GitHub\2D\2D\FAN\</FILEPATH>
        <FILENAME>Bmp.cpp</FILENAME>
        <LINE>25</LINE>
        <COLUMN>7</COLUMN>
      </SFA>
      <SFA>
        <FILEPATH>C:\Users\123\Documents\GitHub\2D\2D\FAN\</FILEPATH>
        <FILENAME>Bmp.cpp</FILENAME>
        <LINE>27</LINE>
        <COLUMN>10</COLUMN>
      </SFA>
      <SFA>
        <FILEPATH>C:\Users\123\Documents\GitHub\2D\2D\FAN\</FILEPATH>
        <FILENAME>Bmp.cpp</FILENAME>
        <LINE>28</LINE>
        <COLUMN>15</COLUMN>
        <KEYEVENT>
          <ID>3</ID>
          <KIND>usage</KIND>
          <IMPORTANCE>Essential</IMPORTANCE>
          <MESSAGE>'data' is dereferenced, but may still be NULL</MESSAGE>
        </KEYEVENT>
      </SFA>
    </PATH>
  </DEFECT><DEFECT>
    <SFA>
      <FILEPATH>C:\Users\123\Documents\GitHub\2D\2D\FAN\</FILEPATH>
      <FILENAME>Bmp.cpp</FILENAME>
      <LINE>27</LINE>
      <COLUMN>10</COLUMN>
    </SFA>
    <DEFECTCODE>6011</DEFECTCODE>
    <DESCRIPTION>Dereferencing NULL pointer 'data+PIXELDATA'. </DESCRIPTION>
    <FUNCTION>LoadBMP</FUNCTION>
    <DECORATED>?LoadBMP@@YAPEADPEBDAEAUTexture@@@Z</DECORATED>
    <FUNCLINE>12</FUNCLINE>
    <PROBABILITY>1</PROBABILITY>
    <RANK>4</RANK>
    <CATEGORY>
      <RULECATEGORY>mspft</RULECATEGORY>
    </CATEGORY>
    <PATH>
      <SFA>
        <FILEPATH>C:\Users\123\Documents\GitHub\2D\2D\FAN\</FILEPATH>
        <FILENAME>Bmp.cpp</FILENAME>
        <LINE>13</LINE>
        <COLUMN>5</COLUMN>
      </SFA>
      <SFA>
        <FILEPATH>C:\Users\123\Documents\GitHub\2D\2D\FAN\</FILEPATH>
        <FILENAME>Bmp.cpp</FILENAME>
        <LINE>14</LINE>
        <COLUMN>5</COLUMN>
      </SFA>
      <SFA>
        <FILEPATH>C:\Users\123\Documents\GitHub\2D\2D\FAN\</FILEPATH>
        <FILENAME>Bmp.cpp</FILENAME>
        <LINE>18</LINE>
        <COLUMN>6</COLUMN>
      </SFA>
      <SFA>
        <FILEPATH>C:\Users\123\Documents\GitHub\2D\2D\FAN\</FILEPATH>
        <FILENAME>Bmp.cpp</FILENAME>
        <LINE>19</LINE>
        <COLUMN>13</COLUMN>
      </SFA>
      <SFA>
        <FILEPATH>C:\Users\123\Documents\GitHub\2D\2D\FAN\</FILEPATH>
        <FILENAME>Bmp.cpp</FILENAME>
        <LINE>20</LINE>
        <COLUMN>6</COLUMN>
      </SFA>
      <SFA>
        <FILEPATH>C:\Users\123\Documents\GitHub\2D\2D\FAN\</FILEPATH>
        <FILENAME>Bmp.cpp</FILENAME>
        <LINE>21</LINE>
        <COLUMN>5</COLUMN>
        <KEYEVENT>
          <ID>1</ID>
          <KIND>declaration</KIND>
          <IMPORTANCE>Essential</IMPORTANCE>
          <MESSAGE>'data' may be NULL</MESSAGE>
        </KEYEVENT>
      </SFA>
      <SFA>
        <FILEPATH>C:\Users\123\Documents\GitHub\2D\2D\FAN\</FILEPATH>
        <FILENAME>Bmp.cpp</FILENAME>
        <LINE>22</LINE>
        <COLUMN>5</COLUMN>
        <KEYEVENT>
          <ID>2</ID>
          <KIND>branch</KIND>
          <IMPORTANCE>Full</IMPORTANCE>
          <MESSAGE>Skip this branch, (assume 'data' is false)</MESSAGE>
        </KEYEVENT>
      </SFA>
      <SFA>
        <FILEPATH>C:\Users\123\Documents\GitHub\2D\2D\FAN\</FILEPATH>
        <FILENAME>Bmp.cpp</FILENAME>
        <LINE>25</LINE>
        <COLUMN>7</COLUMN>
      </SFA>
      <SFA>
        <FILEPATH>C:\Users\123\Documents\GitHub\2D\2D\FAN\</FILEPATH>
        <FILENAME>Bmp.cpp</FILENAME>
        <LINE>27</LINE>
        <COLUMN>10</COLUMN>
        <KEYEVENT>
          <ID>3</ID>
          <KIND>usage</KIND>
          <IMPORTANCE>Essential</IMPORTANCE>
          <MESSAGE>'data' is dereferenced, but may still be NULL</MESSAGE>
        </KEYEVENT>
      </SFA>
    </PATH>
  </DEFECT><DEFECT>
    <SFA>
      <FILEPATH>C:\Users\123\Documents\GitHub\2D\2D\FAN\</FILEPATH>
      <FILENAME>Bmp.cpp</FILENAME>
      <LINE>29</LINE>
      <COLUMN>16</COLUMN>
    </SFA>
    <DEFECTCODE>6011</DEFECTCODE>
    <DESCRIPTION>Dereferencing NULL pointer 'data+HEIGHT'. See line 27 for an earlier location where this can occur</DESCRIPTION>
    <FUNCTION>LoadBMP</FUNCTION>
    <DECORATED>?LoadBMP@@YAPEADPEBDAEAUTexture@@@Z</DECORATED>
    <FUNCLINE>12</FUNCLINE>
    <PROBABILITY>1</PROBABILITY>
    <RANK>4</RANK>
    <CATEGORY>
      <RULECATEGORY>mspft</RULECATEGORY>
    </CATEGORY>
    <PATH>
      <SFA>
        <FILEPATH>C:\Users\123\Documents\GitHub\2D\2D\FAN\</FILEPATH>
        <FILENAME>Bmp.cpp</FILENAME>
        <LINE>13</LINE>
        <COLUMN>5</COLUMN>
      </SFA>
      <SFA>
        <FILEPATH>C:\Users\123\Documents\GitHub\2D\2D\FAN\</FILEPATH>
        <FILENAME>Bmp.cpp</FILENAME>
        <LINE>14</LINE>
        <COLUMN>5</COLUMN>
      </SFA>
      <SFA>
        <FILEPATH>C:\Users\123\Documents\GitHub\2D\2D\FAN\</FILEPATH>
        <FILENAME>Bmp.cpp</FILENAME>
        <LINE>18</LINE>
        <COLUMN>6</COLUMN>
      </SFA>
      <SFA>
        <FILEPATH>C:\Users\123\Documents\GitHub\2D\2D\FAN\</FILEPATH>
        <FILENAME>Bmp.cpp</FILENAME>
        <LINE>19</LINE>
        <COLUMN>13</COLUMN>
      </SFA>
      <SFA>
        <FILEPATH>C:\Users\123\Documents\GitHub\2D\2D\FAN\</FILEPATH>
        <FILENAME>Bmp.cpp</FILENAME>
        <LINE>20</LINE>
        <COLUMN>6</COLUMN>
      </SFA>
      <SFA>
        <FILEPATH>C:\Users\123\Documents\GitHub\2D\2D\FAN\</FILEPATH>
        <FILENAME>Bmp.cpp</FILENAME>
        <LINE>21</LINE>
        <COLUMN>5</COLUMN>
        <KEYEVENT>
          <ID>1</ID>
          <KIND>declaration</KIND>
          <IMPORTANCE>Essential</IMPORTANCE>
          <MESSAGE>'data' may be NULL</MESSAGE>
        </KEYEVENT>
      </SFA>
      <SFA>
        <FILEPATH>C:\Users\123\Documents\GitHub\2D\2D\FAN\</FILEPATH>
        <FILENAME>Bmp.cpp</FILENAME>
        <LINE>22</LINE>
        <COLUMN>5</COLUMN>
        <KEYEVENT>
          <ID>2</ID>
          <KIND>branch</KIND>
          <IMPORTANCE>Full</IMPORTANCE>
          <MESSAGE>Skip this branch, (assume 'data' is false)</MESSAGE>
        </KEYEVENT>
      </SFA>
      <SFA>
        <FILEPATH>C:\Users\123\Documents\GitHub\2D\2D\FAN\</FILEPATH>
        <FILENAME>Bmp.cpp</FILENAME>
        <LINE>25</LINE>
        <COLUMN>7</COLUMN>
      </SFA>
      <SFA>
        <FILEPATH>C:\Users\123\Documents\GitHub\2D\2D\FAN\</FILEPATH>
        <FILENAME>Bmp.cpp</FILENAME>
        <LINE>27</LINE>
        <COLUMN>10</COLUMN>
      </SFA>
      <SFA>
        <FILEPATH>C:\Users\123\Documents\GitHub\2D\2D\FAN\</FILEPATH>
        <FILENAME>Bmp.cpp</FILENAME>
        <LINE>28</LINE>
        <COLUMN>15</COLUMN>
      </SFA>
      <SFA>
        <FILEPATH>C:\Users\123\Documents\GitHub\2D\2D\FAN\</FILEPATH>
        <FILENAME>Bmp.cpp</FILENAME>
        <LINE>29</LINE>
        <COLUMN>16</COLUMN>
        <KEYEVENT>
          <ID>3</ID>
          <KIND>usage</KIND>
          <IMPORTANCE>Essential</IMPORTANCE>
          <MESSAGE>'data' is dereferenced, but may still be NULL</MESSAGE>
        </KEYEVENT>
      </SFA>
    </PATH>
  </DEFECT></DEFECTS>